Nike Air Force 1 07 White,Nike Air Force,100.00,edas31dfsdc89daaxc8a8,Nike,127.0.0.1:8000/media/images/item/8e8dea28-33b7-451a-823e-587c92e5a8f7/image.jpg
Adidas Samba OG Cloud White Core Black,Adidas Samba OG Cloud White Core Black,100.00,bhb43-nhjh78-gtyt,Adidas,127.0.0.1:8000/media/images/item/8066150f-d11f-436f-8777-e86cfb6d310d/image.jpg
Nike Air Max TW Black White,Nike Air Max TW Black White,100.00,aslklyu98vf34sf7hhb,Nike,127.0.0.1:8000/media/images/item/3f373c93-110c-4634-928a-08949e130868/image.jpg
Nike Air Max TW Flat Pewter,Nike Air Max TW Flat Pewter,100.00,lvi39-nnsd3-sdm4,Nike,127.0.0.1:8000/media/images/item/61255f92-2635-4551-a78d-dad232a13780/image.jpg
Nike Dunk Low NN Summit White Baroque Brown,Nike Dunk Low NN Summit White Baroque Brown,100.00,loa23-sd9-ascxc34,Nike,127.0.0.1:8000/media/images/item/870a6427-0266-4898-a882-4543b2cd8f0b/image.jpg
Adidas Campus 00s Grey White,Adidas Campus 00s Grey White,100.00,sdcs87-qowdi232-ads,Adidas,127.0.0.1:8000/media/images/item/dfa591f4-6dec-496f-aaa5-9e4dfa7fb781/image.jpg
Nike Air Jordan 1 Mid SE Oxidized Green,rgsb sdfdb dfbd dfbsfrg,116.00,vfgbngju,Nike,127.0.0.1:8000/media/images/item/5302bad0-fa10-4d53-8195-ed41d0bf5aba/image.jpg
Nike TN Air Max Plus Drift Metallic Silver Black,gfgdheg b thdhdgb fgh stgth,126.00,zxsaert,Nike,127.0.0.1:8000/media/images/item/2aecda13-74f6-4623-b6fa-60c6114e10ba/image.jpg
Adidas Response CL Crystal White Black,fsadfsvwfwef,116.00,kjkuiu,Adidas,127.0.0.1:8000/media/images/item/46da32e6-6e6d-407e-884c-d8c8dfa61946/image.jpg
Nike Dunk Low Light Iron Ore Gym Red,df sfgs sgsdg sgsd,200.00,cvbnbn,Nike,127.0.0.1:8000/media/images/item/84bd706b-f09d-489b-815b-270b81b9318e/image.jpg
Adidas Ozweego Dark Green,rg erg gf ergwerg,150.00,fggrth5yj5y,Adidas,127.0.0.1:8000/media/images/item/4e758970-e70b-44cb-a89b-3bc5b0879f1a/image.jpg
Adidas Gazelle Collegiate Green Preloved Red,bhnjgbn dgbdg gb gbghbgbgdbi gdg,120.00,trasthys,Adidas,127.0.0.1:8000/media/images/item/50c2ba17-8662-4cd0-8b13-2b6d90936ad4/image.jpg
Adidas Adi2000 Green,ghfg hgjfgh yhjfhn fnfhn,120.00,zxcwerwef,Adidas,127.0.0.1:8000/media/images/item/c2249f08-b011-4d9a-92c4-b70ea257f5e6/image.jpg
Nike Air Humara QS Black Metallic Silver,rfgetrg etgh etygr t,121.00,yujyujyjmyu,Nike,127.0.0.1:8000/media/images/item/ce05ba0d-85d9-4f74-935a-d656cd874cc2/image.jpg
